loss_train,accuracy_train,precision_train,recall_train,f1_train,TP_train,TN_train,FP_train,FN_train,loss_val,accuracy_val,precision_val,recall_val,f1_val,TP_val,TN_val,FP_val,FN_val,iteration
1.1408734897191108,0.9678283929824829,,0.0,,0.0,361.0,0.0,12.0,0.06176063466855178,0.9788732528686523,,0.0,,0.0,139.0,0.0,3.0,0
0.3132557195323624,0.9678283929824829,,0.0,,0.0,361.0,0.0,12.0,0.04551004639189511,0.9788732528686523,,0.0,,0.0,139.0,0.0,3.0,1
0.13424924796205118,0.9678283929824829,,0.0,,0.0,361.0,0.0,12.0,0.04025904164990343,0.9788732528686523,,0.0,,0.0,139.0,0.0,3.0,2
0.07665027953115527,0.9678283929824829,,0.0,,0.0,361.0,0.0,12.0,0.041114911857023484,0.9788732528686523,,0.0,,0.0,139.0,0.0,3.0,3
0.053030487604218274,0.9678283929824829,,0.0,,0.0,361.0,0.0,12.0,0.038856718178208904,0.9788732528686523,,0.0,,0.0,139.0,0.0,3.0,4
0.04409744969757285,0.9678283929824829,,0.0,,0.0,361.0,0.0,12.0,0.038900379866231564,0.9788732528686523,,0.0,,0.0,139.0,0.0,3.0,5
0.04131192416140051,0.9678283929824829,,0.0,,0.0,361.0,0.0,12.0,0.038675178141595046,0.9788732528686523,,0.0,,0.0,139.0,0.0,3.0,6
0.04037708805755904,0.9678283929824829,,0.0,,0.0,361.0,0.0,12.0,0.0386961841022446,0.9788732528686523,,0.0,,0.0,139.0,0.0,3.0,7
0.04014873604756166,0.9678283929824829,,0.0,,0.0,361.0,0.0,12.0,0.038797948407685155,0.9788732528686523,,0.0,,0.0,139.0,0.0,3.0,8
