loss_train,accuracy_train,precision_train,recall_train,f1_train,TP_train,TN_train,FP_train,FN_train,loss_val,accuracy_val,precision_val,recall_val,f1_val,TP_val,TN_val,FP_val,FN_val,iteration
0.9521666416416504,0.5085131525993347,0.50373774766922,0.5016006231307983,0.5026668906211853,136791.0,143265.0,134761.0,135918.0,0.6998492505461191,0.5278311967849731,0.5226037502288818,0.508993923664093,0.5157090425491333,59338.0,65246.0,54205.0,57241.0,0
0.8071997976965886,0.512616753578186,0.5079395174980164,0.503206729888916,0.5055620074272156,137229.0,145087.0,132939.0,135480.0,0.6965291326133769,0.5284328460693359,0.5412606000900269,0.2967858612537384,0.383364200592041,34599.0,90127.0,29324.0,81980.0,1
0.7492819838260136,0.5169292092323303,0.512384295463562,0.505586564540863,0.5089627504348755,137878.0,146813.0,131213.0,134831.0,0.6961866067642025,0.5222725868225098,0.5103517174720764,0.807949960231781,0.6255603432655334,94190.0,29082.0,90369.0,22389.0,2
0.7262706212340843,0.5210345983505249,0.5166385769844055,0.5081570744514465,0.5123627185821533,138579.0,148373.0,129653.0,134130.0,0.689770210243325,0.5358513593673706,0.5455748438835144,0.36073392629623413,0.4343053102493286,42054.0,84423.0,35028.0,74525.0,3
0.7145838338840639,0.5253125429153442,0.5210943222045898,0.5109842419624329,0.5159897804260254,139350.0,149958.0,128068.0,133359.0,0.6905270888619224,0.5312121510505676,0.5183471441268921,0.718671441078186,0.6022889018058777,83782.0,41600.0,77851.0,32797.0,4
0.7068852179629268,0.5304819941520691,0.5264577269554138,0.5154578685760498,0.5208997130393982,140570.0,151585.0,126441.0,132139.0,0.7153418208468604,0.5046392679214478,0.49924230575561523,0.9636641144752502,0.6577343940734863,112343.0,6767.0,112684.0,4236.0,5
