loss_train,accuracy_train,precision_train,recall_train,f1_train,TP_train,TN_train,FP_train,FN_train,loss_val,accuracy_val,precision_val,recall_val,f1_val,TP_val,TN_val,FP_val,FN_val,iteration
0.7343989398456366,0.5158342719078064,0.510831892490387,0.502152681350708,0.50645512342453,136811.0,147277.0,131009.0,135638.0,0.711990308309063,0.5192772150039673,0.5172745585441589,0.4323556423187256,0.4710182547569275,50516.0,72049.0,47142.0,66323.0,0
0.6992634880601956,0.5379356741905212,0.5338794589042664,0.5198000073432922,0.5267456769943237,141619.0,154641.0,123645.0,130830.0,0.7007127651379168,0.5266194939613342,0.5247881412506104,0.46268796920776367,0.4917853772640228,54060.0,70238.0,48953.0,62779.0,1
0.6887798177626352,0.5522147417068481,0.5487704277038574,0.5335530638694763,0.5410547256469727,145366.0,158758.0,119528.0,127083.0,0.705812512178752,0.5255687832832336,0.5146262645721436,0.7316221594810486,0.6042326092720032,85482.0,38568.0,80623.0,31357.0,2
0.6822063036957066,0.5641098022460938,0.561262309551239,0.5445716381072998,0.5527909398078918,148368.0,162307.0,115979.0,124081.0,0.7013783360090224,0.528301477432251,0.5183447003364563,0.6655312180519104,0.5827884078025818,77760.0,46935.0,72256.0,39079.0,3
