loss_train,accuracy_train,precision_train,recall_train,f1_train,TP_train,TN_train,FP_train,FN_train,loss_val,accuracy_val,precision_val,recall_val,f1_val,TP_val,TN_val,FP_val,FN_val,iteration
0.6916384900420479,0.5250492691993713,0.5212929844856262,0.4680849611759186,0.49325820803642273,127306.0,161857.0,116906.0,144666.0,0.6877860878562693,0.5396602153778076,0.5539997816085815,0.37874630093574524,0.44990888237953186,44433.0,82943.0,35771.0,72883.0,0
0.6901286128269752,0.5354880094528198,0.5317674875259399,0.4969702661037445,0.5137803554534912,135162.0,159750.0,119013.0,136810.0,0.6857011280423255,0.5481252670288086,0.5431879758834839,0.5714224576950073,0.556947648525238,67037.0,62337.0,56377.0,50279.0,1
0.6883862904864124,0.5406829118728638,0.537307858467102,0.5033275485038757,0.5197629928588867,136891.0,160882.0,117881.0,135081.0,0.6910362516061455,0.5307842493057251,0.582647442817688,0.19731323421001434,0.2947944700717926,23148.0,102133.0,16581.0,94168.0,2
0.6872371734666475,0.5435281991958618,0.5404058694839478,0.5059454441070557,0.52260822057724,137603.0,161737.0,117026.0,134369.0,0.6893051880873579,0.5387450456619263,0.5914267301559448,0.23285827040672302,0.33415287733078003,27318.0,99842.0,18872.0,89998.0,3
